{"cameraMode":{"drawMode":0,"name":"Shaded","section":"Shading Mode"},"sceneLighting":true,"audioPlay":false,"sceneViewState":{"showFog":true,"showMaterialUpdate":false,"showSkybox":true,"showFlares":true,"showImageEffects":true,"showParticleSystems":true,"showVisualEffectGraphs":true,"m_FxEnabled":true},"in2DMode":false,"pivot":{"x":1.6744933128356934,"y":-1.5120601654052735,"z":1.9108448028564454},"rotation":{"x":0.31225138902664187,"y":0.04899295046925545,"z":-0.01612701639533043,"w":0.9485990405082703},"size":9.156221389770508,"orthographic":false}